Name,Location,HoursOfOperation
MedExpress Pharmacy,"123 Main St, Springfield, IL, 62701","08:00-20:00"
HealthFirst Pharmacy,"456 Central Ave, Metropolis, IL, 62960","09:00-21:00"
CarePlus Drugstore,"789 Park Lane, Gotham, NY, 10001","08:00-18:00"
PillBox Pharmaceuticals,"321 High St, Smallville, KS, 66002","08:00-20:00"
LifeMeds Pharmacy,"654 Oak Drive, Star City, CA, 90001","10:00-22:00"
BetterHealth Drugstore,"987 Pine Road, Keystone City, PA, 17001","09:00-21:00"
QuickAid Pharmacy,"135 Market St, Coast City, CA, 90201","08:00-18:00"
PureLife Pharmaceuticals,"246 Grove Ave, Midway City, CA, 90011","08:00-20:00"
VitalCare Pharmacy,"579 First St, Fawcett City, WI, 53001","10:00-22:00"
PrimeMeds Drugstore,"864 Second Ave, Central City, MO, 63101","09:00-21:00"
WellnessPharm Pharmacy,"132 Third St, Bl√ºdhaven, NJ, 07001","08:00-18:00"
FastRelief Pharmaceuticals,"465 Fourth Ave, Opal City, PA, 19019","08:00-20:00"
LifeSavers Drugstore,"798 Fifth St, Ivy Town, CT, 06001","10:00-22:00"
HealthMart Pharmacy,"312 Sixth Ave, Hub City, IL, 60007","09:00-21:00"
CureWell Pharmaceuticals,"654 Seventh St, Fair Play, SC, 29643","08:00-18:00"
MedFast Drugstore,"987 Eighth Ave, Empire City, NY, 10001","08:00-20:00"
HealthNow Pharmacy,"135 Ninth St, Radiance, RI, 02801","10:00-22:00"
VitalityMeds Pharmaceuticals,"246 Tenth Ave, Vanity City, OR, 97001","09:00-21:00"
QuickCure Drugstore,"579 Eleventh St, Happy Harbor, RI, 02835","08:00-18:00"
LifeAid Pharmacy,"864 Twelfth Ave, Liberty City, TX, 75001","08:00-20:00"
PureHealth Pharmaceuticals,"132 Thirteenth St, Gateway City, CA, 90230","10:00-22:00"
MedMart Drugstore,"465 Fourteenth Ave, Qurac, DC, 20001","09:00-21:00"
FastAid Pharmacy,"798 Fifteenth St, Nanda Parbat, NV, 88901","08:00-18:00"
BetterLife Pharmaceuticals,"312 Sixteenth Ave, Vlatava, VA, 20101","08:00-20:00"
PrimeHealth Drugstore,"654 Seventeenth St, Zandia, OH, 43001","10:00-22:00"
